slug,language,category,question,answer,approved
order-status,en,orders,How can I check my order status?,[SAMPLE] Open the Orders page in your account to see the status shown by XYZ. Confirm this route with the product team.,false
order-status,my,orders,ကျွန်ုပ်၏ အော်ဒါအခြေအနေကို ဘယ်လိုကြည့်နိုင်မလဲ။,[နမူနာ] သင့်အကောင့်၏ Orders စာမျက်နှာတွင် XYZ မှ ဖော်ပြထားသော အခြေအနေကို ကြည့်ပါ။ ဤလုပ်ဆောင်ပုံကို ထုတ်ကုန်အဖွဲ့နှင့် အတည်ပြုပါ။,false
order-status,th,orders,ฉันจะตรวจสอบสถานะคำสั่งซื้อได้อย่างไร,[ตัวอย่าง] เปิดหน้า Orders ในบัญชีเพื่อดูสถานะที่ XYZ แสดง โปรดยืนยันขั้นตอนนี้กับทีมผลิตภัณฑ์,false
delivery,en,delivery,Where can I find delivery information?,[SAMPLE] Check the delivery details on your order page. Replace this text with XYZ tracking and carrier instructions.,false
delivery,my,delivery,ပို့ဆောင်ရေးအချက်အလက်ကို ဘယ်မှာကြည့်နိုင်မလဲ။,[နမူနာ] သင့်အော်ဒါစာမျက်နှာတွင် ပို့ဆောင်ရေးအချက်အလက်ကို ကြည့်ပါ။ XYZ ၏ ခြေရာခံနည်းလမ်းနှင့် ပို့ဆောင်သူဆိုင်ရာ ညွှန်ကြားချက်များဖြင့် အစားထိုးပါ။,false
delivery,th,delivery,ฉันจะดูข้อมูลการจัดส่งได้ที่ไหน,[ตัวอย่าง] ดูรายละเอียดการจัดส่งในหน้าคำสั่งซื้อ โปรดแทนที่ด้วยวิธีติดตามพัสดุและข้อมูลผู้ขนส่งของ XYZ,false
payments,en,payments,Which payment methods can I use?,[SAMPLE] Check the payment methods displayed at checkout. Replace this with the approved list for your country. Never enter card details into chat.,false
payments,my,payments,ငွေပေးချေနည်းလမ်းများက ဘာတွေလဲ။,[နမူနာ] ငွေရှင်းချိန်တွင် ဖော်ပြထားသော နည်းလမ်းများကို ကြည့်ပါ။ သင့်နိုင်ငံအတွက် အတည်ပြုထားသော စာရင်းဖြင့် အစားထိုးပါ။ ကတ်အချက်အလက်ကို chat ထဲ မထည့်ပါနှင့်။,false
payments,th,payments,ชำระเงินด้วยวิธีใดได้บ้าง,[ตัวอย่าง] ดูวิธีชำระเงินที่แสดงในหน้าชำระเงิน โปรดแทนที่ด้วยรายการที่อนุมัติสำหรับประเทศของคุณ และอย่าใส่ข้อมูลบัตรในแชต,false
returns,en,returns,How do I return an item?,[SAMPLE] Contact support for the approved return steps. Insert the actual eligibility window and conditions only after policy review.,false
returns,my,returns,ပစ္စည်းကို ဘယ်လိုပြန်ပို့ရမလဲ။,[နမူနာ] ပြန်ပို့ရန် အတည်ပြုထားသော လုပ်ထုံးလုပ်နည်းအတွက် ဝန်ထမ်းကို ဆက်သွယ်ပါ။ မူဝါဒစစ်ဆေးပြီးမှသာ သက်ဆိုင်ရာ ရက်အကန့်အသတ်နှင့် စည်းကမ်းချက်များကို ထည့်ပါ။,false
returns,th,returns,ฉันจะคืนสินค้าได้อย่างไร,[ตัวอย่าง] ติดต่อเจ้าหน้าที่เพื่อขอขั้นตอนการคืนสินค้าที่อนุมัติแล้ว ระบุระยะเวลาและเงื่อนไขจริงหลังตรวจสอบนโยบายเท่านั้น,false
refunds,en,refunds,When will I receive my refund?,[SAMPLE] A support agent can explain the applicable refund process. Do not promise a date or claim a refund was issued without verified order data.,false
refunds,my,refunds,ငွေပြန်အမ်းမှုကို ဘယ်တော့ရမလဲ။,[နမူနာ] သက်ဆိုင်ရာ ငွေပြန်အမ်းလုပ်ငန်းစဉ်ကို ဝန်ထမ်းက ရှင်းပြနိုင်ပါသည်။ အော်ဒါအချက်အလက် မစစ်ဆေးဘဲ ရက်စွဲ သို့မဟုတ် ပြန်အမ်းပြီးကြောင်း မပြောပါနှင့်။,false
refunds,th,refunds,ฉันจะได้รับเงินคืนเมื่อไร,[ตัวอย่าง] เจ้าหน้าที่สามารถอธิบายขั้นตอนการคืนเงินได้ อย่ารับปากวันที่หรือยืนยันว่าคืนเงินแล้วโดยไม่มีข้อมูลคำสั่งซื้อที่ตรวจสอบแล้ว,false
account,en,account,I cannot sign in. What should I do?,[SAMPLE] Use the official password reset page or contact support. Never share your password or one-time code in chat.,false
account,my,account,အကောင့်ဝင်မရလျှင် ဘာလုပ်ရမလဲ။,[နမူနာ] တရားဝင် စကားဝှက်ပြန်သတ်မှတ်သည့် စာမျက်နှာကို သုံးပါ သို့မဟုတ် ဝန်ထမ်းကို ဆက်သွယ်ပါ။ စကားဝှက်နှင့် တစ်ကြိမ်သုံးကုဒ်ကို chat ထဲ မမျှဝေပါနှင့်။,false
account,th,account,เข้าสู่ระบบไม่ได้ควรทำอย่างไร,[ตัวอย่าง] ใช้หน้าตั้งรหัสผ่านใหม่อย่างเป็นทางการหรือติดต่อเจ้าหน้าที่ อย่าแชร์รหัสผ่านหรือรหัสใช้ครั้งเดียวในแชต,false
products,en,products,Where can I find product specifications?,[SAMPLE] Read the specifications on the product page. Ask support if a detail is missing; do not infer specifications from another product.,false
products,my,products,ကုန်ပစ္စည်းအသေးစိတ်ကို ဘယ်မှာကြည့်နိုင်မလဲ။,[နမူနာ] ကုန်ပစ္စည်းစာမျက်နှာတွင် အသေးစိတ်ကို ကြည့်ပါ။ အချက်အလက် မပါလျှင် ဝန်ထမ်းကို မေးပါ။ အခြားပစ္စည်း၏ အသေးစိတ်မှ မခန့်မှန်းပါနှင့်။,false
products,th,products,ฉันจะดูรายละเอียดสินค้าได้ที่ไหน,[ตัวอย่าง] อ่านรายละเอียดในหน้าสินค้า หากข้อมูลขาดหายให้ถามเจ้าหน้าที่ อย่าคาดเดาจากสินค้าอื่น,false
